<Schema name="Schema">
  <Dimension type="StandardDimension" visible="true" highCardinality="false" name="Referee">
    <Hierarchy name="Nombre" visible="true" hasAll="true" primaryKey="idreferee">
      <Table name="referee">
      </Table>
      <Level name="Nombre" visible="true" column="nombre" type="String" uniqueMembers="false" levelType="Regular" hideMemberIf="Never">
      </Level>
    </Hierarchy>
    <Hierarchy name="Edad" visible="true" hasAll="true">
      <Table name="referee">
      </Table>
      <Level name="Edad" visible="true" column="edad" type="Integer" uniqueMembers="false" levelType="Regular" hideMemberIf="Never">
      </Level>
    </Hierarchy>
    <Hierarchy name="Pais" visible="true" hasAll="true">
      <Table name="referee">
      </Table>
      <Level name="Pais" visible="true" column="pais" type="String" uniqueMembers="false" levelType="Regular" hideMemberIf="Never">
      </Level>
    </Hierarchy>
  </Dimension>
  <Dimension type="StandardDimension" visible="true" highCardinality="false" name="Matches">
    <Hierarchy name="Nombre Partido" visible="true" hasAll="true">
      <Table name="matches">
      </Table>
      <Level name="Nombre Partido" visible="true" column="name" type="String" uniqueMembers="false" levelType="Regular" hideMemberIf="Never">
      </Level>
    </Hierarchy>
    <Hierarchy name="Liga" visible="true" hasAll="true">
      <Table name="matches">
      </Table>
      <Level name="Liga" visible="true" column="league" type="String" uniqueMembers="false" levelType="Regular" hideMemberIf="Never">
      </Level>
    </Hierarchy>
  </Dimension>
  <Dimension type="StandardDimension" visible="true" highCardinality="false" name="Team">
    <Hierarchy name="Nombre" visible="true" hasAll="true">
      <Table name="team">
      </Table>
      <Level name="Nombre" visible="true" column="nombre" type="String" uniqueMembers="false" levelType="Regular" hideMemberIf="Never">
      </Level>
    </Hierarchy>
    <Hierarchy name="Valor" visible="true" hasAll="true">
      <Table name="team">
      </Table>
      <Level name="Valor" visible="true" column="valoreneuros" type="Integer" uniqueMembers="false" levelType="Regular" hideMemberIf="Never">
      </Level>
    </Hierarchy>
  </Dimension>
  <Dimension type="StandardDimension" visible="true" highCardinality="false" name="Player">
    <Hierarchy name="Nombre" visible="true" hasAll="true">
      <Table name="player">
      </Table>
      <Level name="Nombre" visible="true" column="nombre" type="String" uniqueMembers="false" levelType="Regular" hideMemberIf="Never">
      </Level>
    </Hierarchy>
    <Hierarchy name="Position" visible="true" hasAll="true">
      <Table name="player">
      </Table>
      <Level name="Position" visible="true" column="posicion" type="String" uniqueMembers="false" levelType="Regular" hideMemberIf="Never">
      </Level>
    </Hierarchy>
    <Hierarchy name="Edad" visible="true" hasAll="true">
      <Table name="player">
      </Table>
      <Level name="Edad" visible="true" column="edad" type="Numeric" uniqueMembers="false" levelType="Regular" hideMemberIf="Never">
      </Level>
    </Hierarchy>
    <Hierarchy name="Altura" visible="true" hasAll="true">
      <Table name="player">
      </Table>
      <Level name="Altura" visible="true" column="estatura" type="String" uniqueMembers="false" levelType="Regular" hideMemberIf="Never">
      </Level>
    </Hierarchy>
  </Dimension>
  <Dimension type="StandardDimension" visible="true" highCardinality="false" name="Stadium">
    <Hierarchy name="Localizacion" visible="true" hasAll="true">
      <Table name="stadium">
      </Table>
      <Level name="Pais" visible="true" column="pais" type="String" uniqueMembers="false" levelType="Regular" hideMemberIf="Never">
      </Level>
      <Level name="Ciudad" visible="true" column="ciudad" type="String" uniqueMembers="false" levelType="Regular" hideMemberIf="Never">
      </Level>
    </Hierarchy>
    <Hierarchy name="Nombre" visible="true" hasAll="true">
      <Table name="stadium">
      </Table>
      <Level name="Nombre" visible="true" column="nombre" type="String" uniqueMembers="false" levelType="Regular" hideMemberIf="Never">
      </Level>
    </Hierarchy>
    <Hierarchy name="Capacidad Maxima" visible="true" hasAll="true">
      <Table name="stadium">
      </Table>
      <Level name="Capacidad Maxima" visible="true" column="capmax" type="Integer" uniqueMembers="false" levelType="Regular" hideMemberIf="Never">
      </Level>
    </Hierarchy>
    <Hierarchy name="Calidad del terreno de juego" visible="true" hasAll="true">
      <Table name="stadium">
      </Table>
      <Level name="Calidad del terreno de juego" visible="true" column="calidadterrenojuego" type="String" uniqueMembers="false" levelType="Regular" hideMemberIf="Never">
      </Level>
    </Hierarchy>
    <Hierarchy name="Anyo inaguracion" visible="true" hasAll="true">
      <Table name="stadium">
      </Table>
      <Level name="Anyo Inaguracion" visible="true" column="anyoinaguracion" type="Integer" uniqueMembers="false" levelType="Regular" hideMemberIf="Never">
      </Level>
    </Hierarchy>
  </Dimension>
  <Dimension type="StandardDimension" visible="true" highCardinality="false" name="Date">
    <Hierarchy name="Date" visible="true" hasAll="true" primaryKey="iddate">
      <Table name="date">
      </Table>
      <Level name="D&#237;a" visible="true" column="dia" type="Numeric" uniqueMembers="false" levelType="Regular" hideMemberIf="Never">
      </Level>
      <Level name="Mes" visible="true" column="mes" type="Numeric" uniqueMembers="false" levelType="Regular" hideMemberIf="Never">
      </Level>
      <Level name="A&#241;o" visible="true" column="anyo" type="Numeric" uniqueMembers="false" levelType="Regular" hideMemberIf="Never">
      </Level>
    </Hierarchy>
    <Hierarchy name="Tiempo" visible="true" hasAll="true">
      <Table name="date">
      </Table>
      <Level name="Tiempo" visible="true" column="clima" type="String" uniqueMembers="false" levelType="Regular" hideMemberIf="Never">
      </Level>
    </Hierarchy>
  </Dimension>
  <Cube name="Plays" visible="true" cache="true" enabled="true">
    <Table name="plays">
    </Table>
    <DimensionUsage source="Referee" name="FK Referee" visible="true" foreignKey="referee_idreferee" highCardinality="false">
    </DimensionUsage>
    <DimensionUsage source="Matches" name="FK Matches" visible="true" foreignKey="matches_idmatches" highCardinality="false">
    </DimensionUsage>
    <DimensionUsage source="Team" name="FK Team" visible="true" foreignKey="team_idteam" highCardinality="false">
    </DimensionUsage>
    <DimensionUsage source="Player" name="FK Player" visible="true" foreignKey="player_idplayer" highCardinality="false">
    </DimensionUsage>
    <DimensionUsage source="Stadium" name="FK Stadium" visible="true" foreignKey="stadium_idstadium" highCardinality="false">
    </DimensionUsage>
    <DimensionUsage source="Date" name="FK Date" visible="true" foreignKey="date_iddate" highCardinality="false">
    </DimensionUsage>
    <Measure name="Goles x cada jugador" column="golesmarcados" datatype="Numeric" aggregator="sum" visible="true">
    </Measure>
    <Measure name="Goles evitados x jugador" column="golesevitados" datatype="Numeric" aggregator="sum" visible="true">
    </Measure>
    <Measure name="Tarjetas amarillas" column="tarjetasmarillas" datatype="Numeric" aggregator="sum" visible="true">
    </Measure>
    <Measure name="Tarjetas rojas" column="tarjetasrojas" datatype="Numeric" aggregator="sum" visible="true">
    </Measure>
    <Measure name="Tiempo de cada jugador" column="tiempodejuego" datatype="Numeric" aggregator="sum" visible="true">
    </Measure>
  </Cube>
</Schema>
